week,total_kwh,avg_power_kw
22,7.300000000000001,0.5999999999999999
23,24.5,0.6999999999999998
